{
  "neutral_low_volatility": {
    "ensemble": {
      "total_predictions": 392,
      "total_error_pct": 323.24136659997674,
      "total_direction_correct": 170,
      "avg_error_pct": 0.8245953229591243,
      "directional_accuracy": 43.36734693877551
    },
    "linear": {
      "total_predictions": 392,
      "total_error_pct": 296.88550911367133,
      "total_direction_correct": 190,
      "avg_error_pct": 0.7573609926369167,
      "directional_accuracy": 48.46938775510204
    },
    "polynomial": {
      "total_predictions": 392,
      "total_error_pct": 563.9861011662235,
      "total_direction_correct": 170,
      "avg_error_pct": 1.4387400539954682,
      "directional_accuracy": 43.36734693877551
    },
    "random_forest": {
      "total_predictions": 392,
      "total_error_pct": 255.61389976182832,
      "total_direction_correct": 168,
      "avg_error_pct": 0.6520762749026233,
      "directional_accuracy": 42.857142857142854
    }
  },
  "bear_low_volatility": {
    "ensemble": {
      "total_predictions": 4,
      "total_error_pct": 7.109491409644961,
      "total_direction_correct": 4,
      "avg_error_pct": 1.7773728524112402,
      "directional_accuracy": 100.0
    },
    "linear": {
      "total_predictions": 4,
      "total_error_pct": 4.3334160106758395,
      "total_direction_correct": 3,
      "avg_error_pct": 1.0833540026689599,
      "directional_accuracy": 75.0
    },
    "polynomial": {
      "total_predictions": 4,
      "total_error_pct": 19.992853108468143,
      "total_direction_correct": 4,
      "avg_error_pct": 4.998213277117036,
      "directional_accuracy": 100.0
    },
    "random_forest": {
      "total_predictions": 4,
      "total_error_pct": 4.9991546650944745,
      "total_direction_correct": 0,
      "avg_error_pct": 1.2497886662736186,
      "directional_accuracy": 0.0
    }
  },
  "bull_low_volatility": {
    "ensemble": {
      "total_predictions": 4,
      "total_error_pct": 26.52449913214216,
      "total_direction_correct": 0,
      "avg_error_pct": 6.63112478303554,
      "directional_accuracy": 0.0
    },
    "linear": {
      "total_predictions": 4,
      "total_error_pct": 21.537687906652526,
      "total_direction_correct": 0,
      "avg_error_pct": 5.384421976663131,
      "directional_accuracy": 0.0
    },
    "polynomial": {
      "total_predictions": 4,
      "total_error_pct": 51.870451017709634,
      "total_direction_correct": 0,
      "avg_error_pct": 12.967612754427408,
      "directional_accuracy": 0.0
    },
    "random_forest": {
      "total_predictions": 4,
      "total_error_pct": 6.165358472064388,
      "total_direction_correct": 4,
      "avg_error_pct": 1.541339618016097,
      "directional_accuracy": 100.0
    }
  }
}