{
  "neutral_low_volatility": {
    "ensemble": {
      "total_predictions": 92,
      "total_error_pct": 74.09600738602165,
      "total_direction_correct": 17,
      "avg_error_pct": 0.8053913846306702,
      "directional_accuracy": 18.478260869565215
    },
    "linear": {
      "total_predictions": 92,
      "total_error_pct": 53.5853278085013,
      "total_direction_correct": 46,
      "avg_error_pct": 0.5824492153097968,
      "directional_accuracy": 50.0
    },
    "polynomial": {
      "total_predictions": 92,
      "total_error_pct": 183.9274136111542,
      "total_direction_correct": 13,
      "avg_error_pct": 1.9992110175125457,
      "directional_accuracy": 14.130434782608695
    },
    "random_forest": {
      "total_predictions": 92,
      "total_error_pct": 40.419118488887754,
      "total_direction_correct": 28,
      "avg_error_pct": 0.4393382444444321,
      "directional_accuracy": 30.434782608695656
    }
  }
}