{
  "neutral_low_volatility": {
    "ensemble": {
      "total_predictions": 168,
      "total_error_pct": 105.34339382910449,
      "total_direction_correct": 67,
      "avg_error_pct": 0.6270440108875267,
      "directional_accuracy": 39.88095238095239
    },
    "linear": {
      "total_predictions": 168,
      "total_error_pct": 85.98536634487319,
      "total_direction_correct": 92,
      "avg_error_pct": 0.5118176568147214,
      "directional_accuracy": 54.761904761904766
    },
    "polynomial": {
      "total_predictions": 168,
      "total_error_pct": 237.65433077662715,
      "total_direction_correct": 67,
      "avg_error_pct": 1.4146091117656379,
      "directional_accuracy": 39.88095238095239
    },
    "random_forest": {
      "total_predictions": 168,
      "total_error_pct": 69.74855629155452,
      "total_direction_correct": 64,
      "avg_error_pct": 0.41516997792591975,
      "directional_accuracy": 38.095238095238095
    }
  }
}