{
  "neutral_low_volatility": {
    "ensemble": {
      "total_predictions": 88,
      "total_error_pct": 72.53760794538512,
      "total_direction_correct": 17,
      "avg_error_pct": 0.8242909993793763,
      "directional_accuracy": 19.318181818181817
    },
    "linear": {
      "total_predictions": 88,
      "total_error_pct": 51.021936587845154,
      "total_direction_correct": 46,
      "avg_error_pct": 0.5797947339527858,
      "directional_accuracy": 52.27272727272727
    },
    "polynomial": {
      "total_predictions": 88,
      "total_error_pct": 182.3078949141366,
      "total_direction_correct": 13,
      "avg_error_pct": 2.0716806240242795,
      "directional_accuracy": 14.772727272727273
    },
    "random_forest": {
      "total_predictions": 88,
      "total_error_pct": 39.776347236622904,
      "total_direction_correct": 28,
      "avg_error_pct": 0.4520039458707148,
      "directional_accuracy": 31.818181818181817
    }
  }
}