{
  "neutral_low_volatility": {
    "ensemble": {
      "total_predictions": 260,
      "total_error_pct": 205.79296728934168,
      "total_direction_correct": 111,
      "avg_error_pct": 0.7915114126513141,
      "directional_accuracy": 42.69230769230769
    },
    "linear": {
      "total_predictions": 260,
      "total_error_pct": 188.83157993187442,
      "total_direction_correct": 121,
      "avg_error_pct": 0.7262753074302862,
      "directional_accuracy": 46.53846153846154
    },
    "polynomial": {
      "total_predictions": 260,
      "total_error_pct": 383.3271052996044,
      "total_direction_correct": 115,
      "avg_error_pct": 1.4743350203830938,
      "directional_accuracy": 44.230769230769226
    },
    "random_forest": {
      "total_predictions": 260,
      "total_error_pct": 151.22649189447057,
      "total_direction_correct": 108,
      "avg_error_pct": 0.5816403534402714,
      "directional_accuracy": 41.53846153846154
    }
  }
}