{
  "neutral_low_volatility": {
    "ensemble": {
      "total_predictions": 432,
      "total_error_pct": 345.2133106481276,
      "total_direction_correct": 192,
      "avg_error_pct": 0.7991048857595546,
      "directional_accuracy": 44.44444444444444
    },
    "linear": {
      "total_predictions": 432,
      "total_error_pct": 316.17892888340884,
      "total_direction_correct": 211,
      "avg_error_pct": 0.7318956687115945,
      "directional_accuracy": 48.842592592592595
    },
    "polynomial": {
      "total_predictions": 432,
      "total_error_pct": 603.1840583018219,
      "total_direction_correct": 192,
      "avg_error_pct": 1.3962593942171804,
      "directional_accuracy": 44.44444444444444
    },
    "random_forest": {
      "total_predictions": 432,
      "total_error_pct": 270.92099483191356,
      "total_direction_correct": 192,
      "avg_error_pct": 0.6271319324812814,
      "directional_accuracy": 44.44444444444444
    }
  },
  "bear_low_volatility": {
    "ensemble": {
      "total_predictions": 4,
      "total_error_pct": 7.109491409644961,
      "total_direction_correct": 4,
      "avg_error_pct": 1.7773728524112402,
      "directional_accuracy": 100.0
    },
    "linear": {
      "total_predictions": 4,
      "total_error_pct": 4.3334160106758395,
      "total_direction_correct": 3,
      "avg_error_pct": 1.0833540026689599,
      "directional_accuracy": 75.0
    },
    "polynomial": {
      "total_predictions": 4,
      "total_error_pct": 19.992853108468143,
      "total_direction_correct": 4,
      "avg_error_pct": 4.998213277117036,
      "directional_accuracy": 100.0
    },
    "random_forest": {
      "total_predictions": 4,
      "total_error_pct": 4.9991546650944745,
      "total_direction_correct": 0,
      "avg_error_pct": 1.2497886662736186,
      "directional_accuracy": 0.0
    }
  },
  "bull_low_volatility": {
    "ensemble": {
      "total_predictions": 8,
      "total_error_pct": 33.8649401197426,
      "total_direction_correct": 0,
      "avg_error_pct": 4.233117514967825,
      "directional_accuracy": 0.0
    },
    "linear": {
      "total_predictions": 8,
      "total_error_pct": 23.590537067109345,
      "total_direction_correct": 2,
      "avg_error_pct": 2.948817133388668,
      "directional_accuracy": 25.0
    },
    "polynomial": {
      "total_predictions": 8,
      "total_error_pct": 71.60668904494001,
      "total_direction_correct": 0,
      "avg_error_pct": 8.950836130617501,
      "directional_accuracy": 0.0
    },
    "random_forest": {
      "total_predictions": 8,
      "total_error_pct": 6.693267700219569,
      "total_direction_correct": 8,
      "avg_error_pct": 0.8366584625274461,
      "directional_accuracy": 100.0
    }
  }
}