{
  "neutral_low_volatility": {
    "ensemble": {
      "total_predictions": 220,
      "total_error_pct": 173.98587754455923,
      "total_direction_correct": 88,
      "avg_error_pct": 0.7908448979298147,
      "directional_accuracy": 40.0
    },
    "linear": {
      "total_predictions": 220,
      "total_error_pct": 159.5463113976631,
      "total_direction_correct": 104,
      "avg_error_pct": 0.7252105063530141,
      "directional_accuracy": 47.27272727272727
    },
    "polynomial": {
      "total_predictions": 220,
      "total_error_pct": 330.533408614947,
      "total_direction_correct": 91,
      "avg_error_pct": 1.5024245846133955,
      "directional_accuracy": 41.36363636363637
    },
    "random_forest": {
      "total_predictions": 220,
      "total_error_pct": 125.47912148168516,
      "total_direction_correct": 80,
      "avg_error_pct": 0.5703596430985689,
      "directional_accuracy": 36.36363636363637
    }
  }
}