{
  "neutral_low_volatility": {
    "ensemble": {
      "total_predictions": 380,
      "total_error_pct": 314.9407694124977,
      "total_direction_correct": 158,
      "avg_error_pct": 0.8287914984539413,
      "directional_accuracy": 41.578947368421055
    },
    "linear": {
      "total_predictions": 380,
      "total_error_pct": 286.7200631964885,
      "total_direction_correct": 182,
      "avg_error_pct": 0.7545264820960225,
      "directional_accuracy": 47.89473684210526
    },
    "polynomial": {
      "total_predictions": 380,
      "total_error_pct": 543.5816679539532,
      "total_direction_correct": 158,
      "avg_error_pct": 1.430478073563035,
      "directional_accuracy": 41.578947368421055
    },
    "random_forest": {
      "total_predictions": 380,
      "total_error_pct": 245.6094952102924,
      "total_direction_correct": 156,
      "avg_error_pct": 0.6463407768691906,
      "directional_accuracy": 41.05263157894737
    }
  },
  "bear_low_volatility": {
    "ensemble": {
      "total_predictions": 4,
      "total_error_pct": 7.109491409644961,
      "total_direction_correct": 4,
      "avg_error_pct": 1.7773728524112402,
      "directional_accuracy": 100.0
    },
    "linear": {
      "total_predictions": 4,
      "total_error_pct": 4.3334160106758395,
      "total_direction_correct": 3,
      "avg_error_pct": 1.0833540026689599,
      "directional_accuracy": 75.0
    },
    "polynomial": {
      "total_predictions": 4,
      "total_error_pct": 19.992853108468143,
      "total_direction_correct": 4,
      "avg_error_pct": 4.998213277117036,
      "directional_accuracy": 100.0
    },
    "random_forest": {
      "total_predictions": 4,
      "total_error_pct": 4.9991546650944745,
      "total_direction_correct": 0,
      "avg_error_pct": 1.2497886662736186,
      "directional_accuracy": 0.0
    }
  },
  "bull_low_volatility": {
    "ensemble": {
      "total_predictions": 4,
      "total_error_pct": 26.52449913214216,
      "total_direction_correct": 0,
      "avg_error_pct": 6.63112478303554,
      "directional_accuracy": 0.0
    },
    "linear": {
      "total_predictions": 4,
      "total_error_pct": 21.537687906652526,
      "total_direction_correct": 0,
      "avg_error_pct": 5.384421976663131,
      "directional_accuracy": 0.0
    },
    "polynomial": {
      "total_predictions": 4,
      "total_error_pct": 51.870451017709634,
      "total_direction_correct": 0,
      "avg_error_pct": 12.967612754427408,
      "directional_accuracy": 0.0
    },
    "random_forest": {
      "total_predictions": 4,
      "total_error_pct": 6.165358472064388,
      "total_direction_correct": 4,
      "avg_error_pct": 1.541339618016097,
      "directional_accuracy": 100.0
    }
  }
}