{
  "neutral_low_volatility": {
    "ensemble": {
      "total_predictions": 316,
      "total_error_pct": 234.39880061994057,
      "total_direction_correct": 135,
      "avg_error_pct": 0.741768356392217,
      "directional_accuracy": 42.721518987341774
    },
    "linear": {
      "total_predictions": 316,
      "total_error_pct": 221.7445223549604,
      "total_direction_correct": 145,
      "avg_error_pct": 0.7017231720093683,
      "directional_accuracy": 45.88607594936709
    },
    "polynomial": {
      "total_predictions": 316,
      "total_error_pct": 419.01343633315054,
      "total_direction_correct": 141,
      "avg_error_pct": 1.3259918871302232,
      "directional_accuracy": 44.620253164556964
    },
    "random_forest": {
      "total_predictions": 316,
      "total_error_pct": 180.40692985032197,
      "total_direction_correct": 128,
      "avg_error_pct": 0.5709080058554493,
      "directional_accuracy": 40.50632911392405
    }
  },
  "bear_low_volatility": {
    "ensemble": {
      "total_predictions": 4,
      "total_error_pct": 7.109491409644961,
      "total_direction_correct": 4,
      "avg_error_pct": 1.7773728524112402,
      "directional_accuracy": 100.0
    },
    "linear": {
      "total_predictions": 4,
      "total_error_pct": 4.3334160106758395,
      "total_direction_correct": 3,
      "avg_error_pct": 1.0833540026689599,
      "directional_accuracy": 75.0
    },
    "polynomial": {
      "total_predictions": 4,
      "total_error_pct": 19.992853108468143,
      "total_direction_correct": 4,
      "avg_error_pct": 4.998213277117036,
      "directional_accuracy": 100.0
    },
    "random_forest": {
      "total_predictions": 4,
      "total_error_pct": 4.9991546650944745,
      "total_direction_correct": 0,
      "avg_error_pct": 1.2497886662736186,
      "directional_accuracy": 0.0
    }
  }
}