{
  "neutral_low_volatility": {
    "ensemble": {
      "total_predictions": 124,
      "total_error_pct": 79.92968777893577,
      "total_direction_correct": 43,
      "avg_error_pct": 0.64459425628174,
      "directional_accuracy": 34.67741935483871
    },
    "linear": {
      "total_predictions": 124,
      "total_error_pct": 59.74887052157479,
      "total_direction_correct": 70,
      "avg_error_pct": 0.48184573001269987,
      "directional_accuracy": 56.451612903225815
    },
    "polynomial": {
      "total_predictions": 124,
      "total_error_pct": 192.9356252241547,
      "total_direction_correct": 39,
      "avg_error_pct": 1.5559324614851187,
      "directional_accuracy": 31.451612903225808
    },
    "random_forest": {
      "total_predictions": 124,
      "total_error_pct": 46.42398477239541,
      "total_direction_correct": 40,
      "avg_error_pct": 0.3743869739709307,
      "directional_accuracy": 32.25806451612903
    }
  }
}