{
  "neutral_low_volatility": {
    "ensemble": {
      "total_predictions": 80,
      "total_error_pct": 58.596485267514254,
      "total_direction_correct": 17,
      "avg_error_pct": 0.7324560658439282,
      "directional_accuracy": 21.25
    },
    "linear": {
      "total_predictions": 80,
      "total_error_pct": 39.09387387957116,
      "total_direction_correct": 44,
      "avg_error_pct": 0.48867342349463955,
      "directional_accuracy": 55.00000000000001
    },
    "polynomial": {
      "total_predictions": 80,
      "total_error_pct": 157.00920202854732,
      "total_direction_correct": 13,
      "avg_error_pct": 1.9626150253568415,
      "directional_accuracy": 16.25
    },
    "random_forest": {
      "total_predictions": 80,
      "total_error_pct": 32.15616462779345,
      "total_direction_correct": 20,
      "avg_error_pct": 0.40195205784741816,
      "directional_accuracy": 25.0
    }
  }
}