{
  "neutral_low_volatility": {
    "ensemble": {
      "total_predictions": 212,
      "total_error_pct": 162.79496799738925,
      "total_direction_correct": 86,
      "avg_error_pct": 0.7679007924405153,
      "directional_accuracy": 40.56603773584906
    },
    "linear": {
      "total_predictions": 212,
      "total_error_pct": 144.7039999085699,
      "total_direction_correct": 104,
      "avg_error_pct": 0.682566037304575,
      "directional_accuracy": 49.056603773584904
    },
    "polynomial": {
      "total_predictions": 212,
      "total_error_pct": 320.7432101109144,
      "total_direction_correct": 87,
      "avg_error_pct": 1.512939670334502,
      "directional_accuracy": 41.0377358490566
    },
    "random_forest": {
      "total_predictions": 212,
      "total_error_pct": 114.91375967748742,
      "total_direction_correct": 80,
      "avg_error_pct": 0.5420460362145633,
      "directional_accuracy": 37.735849056603776
    }
  }
}