{
  "neutral_low_volatility": {
    "ensemble": {
      "total_predictions": 132,
      "total_error_pct": 83.41632759877629,
      "total_direction_correct": 46,
      "avg_error_pct": 0.6319418757483053,
      "directional_accuracy": 34.84848484848485
    },
    "linear": {
      "total_predictions": 132,
      "total_error_pct": 62.71535563702392,
      "total_direction_correct": 73,
      "avg_error_pct": 0.47511633058351455,
      "directional_accuracy": 55.3030303030303
    },
    "polynomial": {
      "total_predictions": 132,
      "total_error_pct": 197.49950620463835,
      "total_direction_correct": 43,
      "avg_error_pct": 1.4962083803381694,
      "directional_accuracy": 32.57575757575758
    },
    "random_forest": {
      "total_predictions": 132,
      "total_error_pct": 49.39532012552666,
      "total_direction_correct": 44,
      "avg_error_pct": 0.37420697064792924,
      "directional_accuracy": 33.33333333333333
    }
  }
}