{
  "neutral_low_volatility": {
    "ensemble": {
      "total_predictions": 224,
      "total_error_pct": 175.69211968027213,
      "total_direction_correct": 92,
      "avg_error_pct": 0.7843398200012148,
      "directional_accuracy": 41.07142857142857
    },
    "linear": {
      "total_predictions": 224,
      "total_error_pct": 161.25516437896084,
      "total_direction_correct": 108,
      "avg_error_pct": 0.7198891266917895,
      "directional_accuracy": 48.214285714285715
    },
    "polynomial": {
      "total_predictions": 224,
      "total_error_pct": 332.5240679224561,
      "total_direction_correct": 95,
      "avg_error_pct": 1.4844824460823933,
      "directional_accuracy": 42.410714285714285
    },
    "random_forest": {
      "total_predictions": 224,
      "total_error_pct": 128.67155090501754,
      "total_direction_correct": 84,
      "avg_error_pct": 0.5744265665402569,
      "directional_accuracy": 37.5
    }
  }
}