{
  "neutral_low_volatility": {
    "ensemble": {
      "total_predictions": 344,
      "total_error_pct": 266.8807479923153,
      "total_direction_correct": 139,
      "avg_error_pct": 0.7758161278846376,
      "directional_accuracy": 40.406976744186046
    },
    "linear": {
      "total_predictions": 344,
      "total_error_pct": 249.33531453347751,
      "total_direction_correct": 157,
      "avg_error_pct": 0.7248119608531323,
      "directional_accuracy": 45.63953488372093
    },
    "polynomial": {
      "total_predictions": 344,
      "total_error_pct": 466.8538248986773,
      "total_direction_correct": 147,
      "avg_error_pct": 1.3571332119147597,
      "directional_accuracy": 42.73255813953488
    },
    "random_forest": {
      "total_predictions": 344,
      "total_error_pct": 206.26810273091192,
      "total_direction_correct": 132,
      "avg_error_pct": 0.5996165777061393,
      "directional_accuracy": 38.372093023255815
    }
  },
  "bear_low_volatility": {
    "ensemble": {
      "total_predictions": 4,
      "total_error_pct": 7.109491409644961,
      "total_direction_correct": 4,
      "avg_error_pct": 1.7773728524112402,
      "directional_accuracy": 100.0
    },
    "linear": {
      "total_predictions": 4,
      "total_error_pct": 4.3334160106758395,
      "total_direction_correct": 3,
      "avg_error_pct": 1.0833540026689599,
      "directional_accuracy": 75.0
    },
    "polynomial": {
      "total_predictions": 4,
      "total_error_pct": 19.992853108468143,
      "total_direction_correct": 4,
      "avg_error_pct": 4.998213277117036,
      "directional_accuracy": 100.0
    },
    "random_forest": {
      "total_predictions": 4,
      "total_error_pct": 4.9991546650944745,
      "total_direction_correct": 0,
      "avg_error_pct": 1.2497886662736186,
      "directional_accuracy": 0.0
    }
  }
}