{
  "neutral_low_volatility": {
    "ensemble": {
      "total_predictions": 376,
      "total_error_pct": 313.8419026693466,
      "total_direction_correct": 155,
      "avg_error_pct": 0.8346859113546452,
      "directional_accuracy": 41.22340425531915
    },
    "linear": {
      "total_predictions": 376,
      "total_error_pct": 286.08682959948504,
      "total_direction_correct": 178,
      "avg_error_pct": 0.7608692276582049,
      "directional_accuracy": 47.340425531914896
    },
    "polynomial": {
      "total_predictions": 376,
      "total_error_pct": 540.0997440517733,
      "total_direction_correct": 158,
      "avg_error_pct": 1.4364354894993971,
      "directional_accuracy": 42.02127659574468
    },
    "random_forest": {
      "total_predictions": 376,
      "total_error_pct": 244.60797722274643,
      "total_direction_correct": 152,
      "avg_error_pct": 0.6505531309115596,
      "directional_accuracy": 40.42553191489361
    }
  },
  "bear_low_volatility": {
    "ensemble": {
      "total_predictions": 4,
      "total_error_pct": 7.109491409644961,
      "total_direction_correct": 4,
      "avg_error_pct": 1.7773728524112402,
      "directional_accuracy": 100.0
    },
    "linear": {
      "total_predictions": 4,
      "total_error_pct": 4.3334160106758395,
      "total_direction_correct": 3,
      "avg_error_pct": 1.0833540026689599,
      "directional_accuracy": 75.0
    },
    "polynomial": {
      "total_predictions": 4,
      "total_error_pct": 19.992853108468143,
      "total_direction_correct": 4,
      "avg_error_pct": 4.998213277117036,
      "directional_accuracy": 100.0
    },
    "random_forest": {
      "total_predictions": 4,
      "total_error_pct": 4.9991546650944745,
      "total_direction_correct": 0,
      "avg_error_pct": 1.2497886662736186,
      "directional_accuracy": 0.0
    }
  },
  "bull_low_volatility": {
    "ensemble": {
      "total_predictions": 4,
      "total_error_pct": 26.52449913214216,
      "total_direction_correct": 0,
      "avg_error_pct": 6.63112478303554,
      "directional_accuracy": 0.0
    },
    "linear": {
      "total_predictions": 4,
      "total_error_pct": 21.537687906652526,
      "total_direction_correct": 0,
      "avg_error_pct": 5.384421976663131,
      "directional_accuracy": 0.0
    },
    "polynomial": {
      "total_predictions": 4,
      "total_error_pct": 51.870451017709634,
      "total_direction_correct": 0,
      "avg_error_pct": 12.967612754427408,
      "directional_accuracy": 0.0
    },
    "random_forest": {
      "total_predictions": 4,
      "total_error_pct": 6.165358472064388,
      "total_direction_correct": 4,
      "avg_error_pct": 1.541339618016097,
      "directional_accuracy": 100.0
    }
  }
}