{
  "neutral_low_volatility": {
    "ensemble": {
      "total_predictions": 96,
      "total_error_pct": 74.67070996909618,
      "total_direction_correct": 19,
      "avg_error_pct": 0.7778198955114185,
      "directional_accuracy": 19.791666666666664
    },
    "linear": {
      "total_predictions": 96,
      "total_error_pct": 55.02735808971563,
      "total_direction_correct": 46,
      "avg_error_pct": 0.5732016467678711,
      "directional_accuracy": 47.91666666666667
    },
    "polynomial": {
      "total_predictions": 96,
      "total_error_pct": 185.23928912161512,
      "total_direction_correct": 17,
      "avg_error_pct": 1.9295759283501575,
      "directional_accuracy": 17.708333333333336
    },
    "random_forest": {
      "total_predictions": 96,
      "total_error_pct": 41.22876420138851,
      "total_direction_correct": 28,
      "avg_error_pct": 0.4294662937644636,
      "directional_accuracy": 29.166666666666668
    }
  }
}