{
  "neutral_low_volatility": {
    "ensemble": {
      "total_predictions": 184,
      "total_error_pct": 119.80231423666278,
      "total_direction_correct": 78,
      "avg_error_pct": 0.6510995338949064,
      "directional_accuracy": 42.391304347826086
    },
    "linear": {
      "total_predictions": 184,
      "total_error_pct": 101.19074996210584,
      "total_direction_correct": 97,
      "avg_error_pct": 0.549949728054923,
      "directional_accuracy": 52.71739130434783
    },
    "polynomial": {
      "total_predictions": 184,
      "total_error_pct": 264.00129874726616,
      "total_direction_correct": 79,
      "avg_error_pct": 1.4347896671047073,
      "directional_accuracy": 42.934782608695656
    },
    "random_forest": {
      "total_predictions": 184,
      "total_error_pct": 82.34497259475712,
      "total_direction_correct": 68,
      "avg_error_pct": 0.4475270249715061,
      "directional_accuracy": 36.95652173913043
    }
  }
}