{
  "neutral_low_volatility": {
    "ensemble": {
      "total_predictions": 276,
      "total_error_pct": 210.60411906167278,
      "total_direction_correct": 120,
      "avg_error_pct": 0.7630584023973651,
      "directional_accuracy": 43.47826086956522
    },
    "linear": {
      "total_predictions": 276,
      "total_error_pct": 194.10392998644735,
      "total_direction_correct": 131,
      "avg_error_pct": 0.7032751086465484,
      "directional_accuracy": 47.46376811594203
    },
    "polynomial": {
      "total_predictions": 276,
      "total_error_pct": 391.6292780923091,
      "total_direction_correct": 124,
      "avg_error_pct": 1.418946659754743,
      "directional_accuracy": 44.927536231884055
    },
    "random_forest": {
      "total_predictions": 276,
      "total_error_pct": 156.31854537049222,
      "total_direction_correct": 120,
      "avg_error_pct": 0.5663715411974356,
      "directional_accuracy": 43.47826086956522
    }
  }
}