{
  "neutral_low_volatility": {
    "ensemble": {
      "total_predictions": 236,
      "total_error_pct": 184.2661609495745,
      "total_direction_correct": 103,
      "avg_error_pct": 0.7807888175829428,
      "directional_accuracy": 43.64406779661017
    },
    "linear": {
      "total_predictions": 236,
      "total_error_pct": 169.84788879051737,
      "total_direction_correct": 116,
      "avg_error_pct": 0.719694444027616,
      "directional_accuracy": 49.152542372881356
    },
    "polynomial": {
      "total_predictions": 236,
      "total_error_pct": 345.9819666493769,
      "total_direction_correct": 107,
      "avg_error_pct": 1.4660252824126139,
      "directional_accuracy": 45.33898305084746
    },
    "random_forest": {
      "total_predictions": 236,
      "total_error_pct": 138.2250246747623,
      "total_direction_correct": 88,
      "avg_error_pct": 0.5856992570964504,
      "directional_accuracy": 37.28813559322034
    }
  }
}