{
  "neutral_low_volatility": {
    "ensemble": {
      "total_predictions": 292,
      "total_error_pct": 215.78092725767505,
      "total_direction_correct": 123,
      "avg_error_pct": 0.7389757782797091,
      "directional_accuracy": 42.12328767123288
    },
    "linear": {
      "total_predictions": 292,
      "total_error_pct": 200.86029000165615,
      "total_direction_correct": 137,
      "avg_error_pct": 0.6878777054851238,
      "directional_accuracy": 46.917808219178085
    },
    "polynomial": {
      "total_predictions": 292,
      "total_error_pct": 398.59411879401375,
      "total_direction_correct": 129,
      "avg_error_pct": 1.3650483520342938,
      "directional_accuracy": 44.178082191780824
    },
    "random_forest": {
      "total_predictions": 292,
      "total_error_pct": 158.99907092299807,
      "total_direction_correct": 120,
      "avg_error_pct": 0.544517366174651,
      "directional_accuracy": 41.0958904109589
    }
  }
}