{
  "neutral_low_volatility": {
    "ensemble": {
      "total_predictions": 268,
      "total_error_pct": 207.62414441061193,
      "total_direction_correct": 115,
      "avg_error_pct": 0.7747169567560147,
      "directional_accuracy": 42.91044776119403
    },
    "linear": {
      "total_predictions": 268,
      "total_error_pct": 191.0672116402861,
      "total_direction_correct": 125,
      "avg_error_pct": 0.7129373568667392,
      "directional_accuracy": 46.64179104477612
    },
    "polynomial": {
      "total_predictions": 268,
      "total_error_pct": 388.88996621374946,
      "total_direction_correct": 119,
      "avg_error_pct": 1.4510819634841399,
      "directional_accuracy": 44.40298507462687
    },
    "random_forest": {
      "total_predictions": 268,
      "total_error_pct": 152.4052515193578,
      "total_direction_correct": 116,
      "avg_error_pct": 0.5686763116393947,
      "directional_accuracy": 43.28358208955223
    }
  }
}