{
  "neutral_low_volatility": {
    "ensemble": {
      "total_predictions": 104,
      "total_error_pct": 76.40201296285093,
      "total_direction_correct": 27,
      "avg_error_pct": 0.7346347400274128,
      "directional_accuracy": 25.961538461538463
    },
    "linear": {
      "total_predictions": 104,
      "total_error_pct": 56.41280724962066,
      "total_direction_correct": 54,
      "avg_error_pct": 0.5424308389386602,
      "directional_accuracy": 51.92307692307693
    },
    "polynomial": {
      "total_predictions": 104,
      "total_error_pct": 186.95352608849313,
      "total_direction_correct": 23,
      "avg_error_pct": 1.7976300585432032,
      "directional_accuracy": 22.115384615384613
    },
    "random_forest": {
      "total_predictions": 104,
      "total_error_pct": 43.33719896716968,
      "total_direction_correct": 28,
      "avg_error_pct": 0.41670383622278534,
      "directional_accuracy": 26.923076923076923
    }
  }
}