{
  "neutral_low_volatility": {
    "ensemble": {
      "total_predictions": 420,
      "total_error_pct": 343.4173363033253,
      "total_direction_correct": 186,
      "avg_error_pct": 0.817660324531727,
      "directional_accuracy": 44.285714285714285
    },
    "linear": {
      "total_predictions": 420,
      "total_error_pct": 312.5209743317556,
      "total_direction_correct": 211,
      "avg_error_pct": 0.7440975579327515,
      "directional_accuracy": 50.23809523809524
    },
    "polynomial": {
      "total_predictions": 420,
      "total_error_pct": 600.1055900583599,
      "total_direction_correct": 184,
      "avg_error_pct": 1.4288228334722854,
      "directional_accuracy": 43.80952380952381
    },
    "random_forest": {
      "total_predictions": 420,
      "total_error_pct": 268.9073527728984,
      "total_direction_correct": 188,
      "avg_error_pct": 0.6402556018402342,
      "directional_accuracy": 44.761904761904766
    }
  },
  "bear_low_volatility": {
    "ensemble": {
      "total_predictions": 4,
      "total_error_pct": 7.109491409644961,
      "total_direction_correct": 4,
      "avg_error_pct": 1.7773728524112402,
      "directional_accuracy": 100.0
    },
    "linear": {
      "total_predictions": 4,
      "total_error_pct": 4.3334160106758395,
      "total_direction_correct": 3,
      "avg_error_pct": 1.0833540026689599,
      "directional_accuracy": 75.0
    },
    "polynomial": {
      "total_predictions": 4,
      "total_error_pct": 19.992853108468143,
      "total_direction_correct": 4,
      "avg_error_pct": 4.998213277117036,
      "directional_accuracy": 100.0
    },
    "random_forest": {
      "total_predictions": 4,
      "total_error_pct": 4.9991546650944745,
      "total_direction_correct": 0,
      "avg_error_pct": 1.2497886662736186,
      "directional_accuracy": 0.0
    }
  },
  "bull_low_volatility": {
    "ensemble": {
      "total_predictions": 8,
      "total_error_pct": 33.8649401197426,
      "total_direction_correct": 0,
      "avg_error_pct": 4.233117514967825,
      "directional_accuracy": 0.0
    },
    "linear": {
      "total_predictions": 8,
      "total_error_pct": 23.590537067109345,
      "total_direction_correct": 2,
      "avg_error_pct": 2.948817133388668,
      "directional_accuracy": 25.0
    },
    "polynomial": {
      "total_predictions": 8,
      "total_error_pct": 71.60668904494001,
      "total_direction_correct": 0,
      "avg_error_pct": 8.950836130617501,
      "directional_accuracy": 0.0
    },
    "random_forest": {
      "total_predictions": 8,
      "total_error_pct": 6.693267700219569,
      "total_direction_correct": 8,
      "avg_error_pct": 0.8366584625274461,
      "directional_accuracy": 100.0
    }
  }
}