{
  "neutral_low_volatility": {
    "ensemble": {
      "total_predictions": 240,
      "total_error_pct": 188.61880881049126,
      "total_direction_correct": 103,
      "avg_error_pct": 0.785911703377047,
      "directional_accuracy": 42.916666666666664
    },
    "linear": {
      "total_predictions": 240,
      "total_error_pct": 173.04586972807402,
      "total_direction_correct": 116,
      "avg_error_pct": 0.7210244572003084,
      "directional_accuracy": 48.333333333333336
    },
    "polynomial": {
      "total_predictions": 240,
      "total_error_pct": 353.45069989860997,
      "total_direction_correct": 107,
      "avg_error_pct": 1.4727112495775416,
      "directional_accuracy": 44.583333333333336
    },
    "random_forest": {
      "total_predictions": 240,
      "total_error_pct": 140.6613541492758,
      "total_direction_correct": 92,
      "avg_error_pct": 0.5860889756219826,
      "directional_accuracy": 38.333333333333336
    }
  }
}