{
  "neutral_low_volatility": {
    "ensemble": {
      "total_predictions": 116,
      "total_error_pct": 78.74481915356992,
      "total_direction_correct": 35,
      "avg_error_pct": 0.6788346478756028,
      "directional_accuracy": 30.17241379310345
    },
    "linear": {
      "total_predictions": 116,
      "total_error_pct": 58.03277224706961,
      "total_direction_correct": 62,
      "avg_error_pct": 0.5002825193712898,
      "directional_accuracy": 53.44827586206896
    },
    "polynomial": {
      "total_predictions": 116,
      "total_error_pct": 191.78731083171758,
      "total_direction_correct": 31,
      "avg_error_pct": 1.653338886480324,
      "directional_accuracy": 26.72413793103448
    },
    "random_forest": {
      "total_predictions": 116,
      "total_error_pct": 45.03141255976805,
      "total_direction_correct": 36,
      "avg_error_pct": 0.3882018324117935,
      "directional_accuracy": 31.03448275862069
    }
  }
}