{
  "neutral_low_volatility": {
    "ensemble": {
      "total_predictions": 328,
      "total_error_pct": 239.08469987929735,
      "total_direction_correct": 137,
      "avg_error_pct": 0.7289167679246871,
      "directional_accuracy": 41.76829268292683
    },
    "linear": {
      "total_predictions": 328,
      "total_error_pct": 228.51652687215469,
      "total_direction_correct": 148,
      "avg_error_pct": 0.6966967282687643,
      "directional_accuracy": 45.1219512195122
    },
    "polynomial": {
      "total_predictions": 328,
      "total_error_pct": 423.9786843307551,
      "total_direction_correct": 147,
      "avg_error_pct": 1.29261794003279,
      "directional_accuracy": 44.81707317073171
    },
    "random_forest": {
      "total_predictions": 328,
      "total_error_pct": 184.41848842575192,
      "total_direction_correct": 128,
      "avg_error_pct": 0.5622514891029022,
      "directional_accuracy": 39.02439024390244
    }
  },
  "bear_low_volatility": {
    "ensemble": {
      "total_predictions": 4,
      "total_error_pct": 7.109491409644961,
      "total_direction_correct": 4,
      "avg_error_pct": 1.7773728524112402,
      "directional_accuracy": 100.0
    },
    "linear": {
      "total_predictions": 4,
      "total_error_pct": 4.3334160106758395,
      "total_direction_correct": 3,
      "avg_error_pct": 1.0833540026689599,
      "directional_accuracy": 75.0
    },
    "polynomial": {
      "total_predictions": 4,
      "total_error_pct": 19.992853108468143,
      "total_direction_correct": 4,
      "avg_error_pct": 4.998213277117036,
      "directional_accuracy": 100.0
    },
    "random_forest": {
      "total_predictions": 4,
      "total_error_pct": 4.9991546650944745,
      "total_direction_correct": 0,
      "avg_error_pct": 1.2497886662736186,
      "directional_accuracy": 0.0
    }
  }
}