{
  "neutral_low_volatility": {
    "ensemble": {
      "total_predictions": 140,
      "total_error_pct": 85.82364390215099,
      "total_direction_correct": 49,
      "avg_error_pct": 0.613026027872507,
      "directional_accuracy": 35.0
    },
    "linear": {
      "total_predictions": 140,
      "total_error_pct": 64.66974666624547,
      "total_direction_correct": 77,
      "avg_error_pct": 0.46192676190175336,
      "directional_accuracy": 55.00000000000001
    },
    "polynomial": {
      "total_predictions": 140,
      "total_error_pct": 205.93322439463319,
      "total_direction_correct": 47,
      "avg_error_pct": 1.4709516028188085,
      "directional_accuracy": 33.57142857142857
    },
    "random_forest": {
      "total_predictions": 140,
      "total_error_pct": 50.66175292766038,
      "total_direction_correct": 48,
      "avg_error_pct": 0.3618696637690027,
      "directional_accuracy": 34.285714285714285
    }
  }
}