{
  "neutral_low_volatility": {
    "ensemble": {
      "total_predictions": 368,
      "total_error_pct": 300.5285126858585,
      "total_direction_correct": 152,
      "avg_error_pct": 0.8166535670811372,
      "directional_accuracy": 41.30434782608695
    },
    "linear": {
      "total_predictions": 368,
      "total_error_pct": 275.8164380893434,
      "total_direction_correct": 174,
      "avg_error_pct": 0.7495011904601724,
      "directional_accuracy": 47.28260869565217
    },
    "polynomial": {
      "total_predictions": 368,
      "total_error_pct": 519.0456158432397,
      "total_direction_correct": 157,
      "avg_error_pct": 1.410450043052282,
      "directional_accuracy": 42.66304347826087
    },
    "random_forest": {
      "total_predictions": 368,
      "total_error_pct": 235.48961872623252,
      "total_direction_correct": 148,
      "avg_error_pct": 0.6399174421908492,
      "directional_accuracy": 40.21739130434783
    }
  },
  "bear_low_volatility": {
    "ensemble": {
      "total_predictions": 4,
      "total_error_pct": 7.109491409644961,
      "total_direction_correct": 4,
      "avg_error_pct": 1.7773728524112402,
      "directional_accuracy": 100.0
    },
    "linear": {
      "total_predictions": 4,
      "total_error_pct": 4.3334160106758395,
      "total_direction_correct": 3,
      "avg_error_pct": 1.0833540026689599,
      "directional_accuracy": 75.0
    },
    "polynomial": {
      "total_predictions": 4,
      "total_error_pct": 19.992853108468143,
      "total_direction_correct": 4,
      "avg_error_pct": 4.998213277117036,
      "directional_accuracy": 100.0
    },
    "random_forest": {
      "total_predictions": 4,
      "total_error_pct": 4.9991546650944745,
      "total_direction_correct": 0,
      "avg_error_pct": 1.2497886662736186,
      "directional_accuracy": 0.0
    }
  }
}