{
  "neutral_low_volatility": {
    "ensemble": {
      "total_predictions": 412,
      "total_error_pct": 339.2505945042925,
      "total_direction_correct": 178,
      "avg_error_pct": 0.8234237730686711,
      "directional_accuracy": 43.203883495145625
    },
    "linear": {
      "total_predictions": 412,
      "total_error_pct": 305.8384335179597,
      "total_direction_correct": 207,
      "avg_error_pct": 0.742326294946504,
      "directional_accuracy": 50.24271844660194
    },
    "polynomial": {
      "total_predictions": 412,
      "total_error_pct": 595.4749533523933,
      "total_direction_correct": 176,
      "avg_error_pct": 1.4453275566805663,
      "directional_accuracy": 42.71844660194174
    },
    "random_forest": {
      "total_predictions": 412,
      "total_error_pct": 267.2072239219411,
      "total_direction_correct": 184,
      "avg_error_pct": 0.6485612231115074,
      "directional_accuracy": 44.66019417475729
    }
  },
  "bear_low_volatility": {
    "ensemble": {
      "total_predictions": 4,
      "total_error_pct": 7.109491409644961,
      "total_direction_correct": 4,
      "avg_error_pct": 1.7773728524112402,
      "directional_accuracy": 100.0
    },
    "linear": {
      "total_predictions": 4,
      "total_error_pct": 4.3334160106758395,
      "total_direction_correct": 3,
      "avg_error_pct": 1.0833540026689599,
      "directional_accuracy": 75.0
    },
    "polynomial": {
      "total_predictions": 4,
      "total_error_pct": 19.992853108468143,
      "total_direction_correct": 4,
      "avg_error_pct": 4.998213277117036,
      "directional_accuracy": 100.0
    },
    "random_forest": {
      "total_predictions": 4,
      "total_error_pct": 4.9991546650944745,
      "total_direction_correct": 0,
      "avg_error_pct": 1.2497886662736186,
      "directional_accuracy": 0.0
    }
  },
  "bull_low_volatility": {
    "ensemble": {
      "total_predictions": 8,
      "total_error_pct": 33.8649401197426,
      "total_direction_correct": 0,
      "avg_error_pct": 4.233117514967825,
      "directional_accuracy": 0.0
    },
    "linear": {
      "total_predictions": 8,
      "total_error_pct": 23.590537067109345,
      "total_direction_correct": 2,
      "avg_error_pct": 2.948817133388668,
      "directional_accuracy": 25.0
    },
    "polynomial": {
      "total_predictions": 8,
      "total_error_pct": 71.60668904494001,
      "total_direction_correct": 0,
      "avg_error_pct": 8.950836130617501,
      "directional_accuracy": 0.0
    },
    "random_forest": {
      "total_predictions": 8,
      "total_error_pct": 6.693267700219569,
      "total_direction_correct": 8,
      "avg_error_pct": 0.8366584625274461,
      "directional_accuracy": 100.0
    }
  }
}