{
  "neutral_low_volatility": {
    "ensemble": {
      "total_predictions": 196,
      "total_error_pct": 137.44833977021216,
      "total_direction_correct": 82,
      "avg_error_pct": 0.7012670396439395,
      "directional_accuracy": 41.83673469387755
    },
    "linear": {
      "total_predictions": 196,
      "total_error_pct": 119.44474700425413,
      "total_direction_correct": 100,
      "avg_error_pct": 0.6094119745115006,
      "directional_accuracy": 51.02040816326531
    },
    "polynomial": {
      "total_predictions": 196,
      "total_error_pct": 283.4584753329989,
      "total_direction_correct": 83,
      "avg_error_pct": 1.4462167108826474,
      "directional_accuracy": 42.3469387755102
    },
    "random_forest": {
      "total_predictions": 196,
      "total_error_pct": 97.81094492582072,
      "total_direction_correct": 76,
      "avg_error_pct": 0.49903543329500366,
      "directional_accuracy": 38.775510204081634
    }
  }
}