{
  "neutral_low_volatility": {
    "ensemble": {
      "total_predictions": 456,
      "total_error_pct": 516.6337297994008,
      "total_direction_correct": 212,
      "avg_error_pct": 1.1329687057004405,
      "directional_accuracy": 46.49122807017544
    },
    "linear": {
      "total_predictions": 456,
      "total_error_pct": 488.6515645664738,
      "total_direction_correct": 230,
      "avg_error_pct": 1.071604308259811,
      "directional_accuracy": 50.43859649122807
    },
    "polynomial": {
      "total_predictions": 456,
      "total_error_pct": 779.6585367221445,
      "total_direction_correct": 211,
      "avg_error_pct": 1.7097774928117204,
      "directional_accuracy": 46.271929824561404
    },
    "random_forest": {
      "total_predictions": 456,
      "total_error_pct": 442.2845943855098,
      "total_direction_correct": 208,
      "avg_error_pct": 0.9699223561085741,
      "directional_accuracy": 45.614035087719294
    }
  },
  "bear_low_volatility": {
    "ensemble": {
      "total_predictions": 4,
      "total_error_pct": 7.109491409644961,
      "total_direction_correct": 4,
      "avg_error_pct": 1.7773728524112402,
      "directional_accuracy": 100.0
    },
    "linear": {
      "total_predictions": 4,
      "total_error_pct": 4.3334160106758395,
      "total_direction_correct": 3,
      "avg_error_pct": 1.0833540026689599,
      "directional_accuracy": 75.0
    },
    "polynomial": {
      "total_predictions": 4,
      "total_error_pct": 19.992853108468143,
      "total_direction_correct": 4,
      "avg_error_pct": 4.998213277117036,
      "directional_accuracy": 100.0
    },
    "random_forest": {
      "total_predictions": 4,
      "total_error_pct": 4.9991546650944745,
      "total_direction_correct": 0,
      "avg_error_pct": 1.2497886662736186,
      "directional_accuracy": 0.0
    }
  },
  "bull_low_volatility": {
    "ensemble": {
      "total_predictions": 8,
      "total_error_pct": 33.8649401197426,
      "total_direction_correct": 0,
      "avg_error_pct": 4.233117514967825,
      "directional_accuracy": 0.0
    },
    "linear": {
      "total_predictions": 8,
      "total_error_pct": 23.590537067109345,
      "total_direction_correct": 2,
      "avg_error_pct": 2.948817133388668,
      "directional_accuracy": 25.0
    },
    "polynomial": {
      "total_predictions": 8,
      "total_error_pct": 71.60668904494001,
      "total_direction_correct": 0,
      "avg_error_pct": 8.950836130617501,
      "directional_accuracy": 0.0
    },
    "random_forest": {
      "total_predictions": 8,
      "total_error_pct": 6.693267700219569,
      "total_direction_correct": 8,
      "avg_error_pct": 0.8366584625274461,
      "directional_accuracy": 100.0
    }
  },
  "unknown": {
    "ensemble": {
      "total_predictions": 112,
      "total_error_pct": 7114.959315234966,
      "total_direction_correct": 56,
      "avg_error_pct": 63.526422457455055,
      "directional_accuracy": 50.0
    }
  }
}