{
  "neutral_low_volatility": {
    "ensemble": {
      "total_predictions": 120,
      "total_error_pct": 79.62378220793832,
      "total_direction_correct": 39,
      "avg_error_pct": 0.663531518399486,
      "directional_accuracy": 32.5
    },
    "linear": {
      "total_predictions": 120,
      "total_error_pct": 59.136466806959874,
      "total_direction_correct": 66,
      "avg_error_pct": 0.49280389005799896,
      "directional_accuracy": 55.00000000000001
    },
    "polynomial": {
      "total_predictions": 120,
      "total_error_pct": 192.5428373005159,
      "total_direction_correct": 35,
      "avg_error_pct": 1.604523644170966,
      "directional_accuracy": 29.166666666666668
    },
    "random_forest": {
      "total_predictions": 120,
      "total_error_pct": 46.33138097805968,
      "total_direction_correct": 40,
      "avg_error_pct": 0.38609484148383066,
      "directional_accuracy": 33.33333333333333
    }
  }
}