{
  "neutral_low_volatility": {
    "ensemble": {
      "total_predictions": 52,
      "total_error_pct": 42.474763126483225,
      "total_direction_correct": 9,
      "avg_error_pct": 0.8168223678169851,
      "directional_accuracy": 17.307692307692307
    },
    "linear": {
      "total_predictions": 52,
      "total_error_pct": 25.62909290864575,
      "total_direction_correct": 34,
      "avg_error_pct": 0.49286717132011054,
      "directional_accuracy": 65.38461538461539
    },
    "polynomial": {
      "total_predictions": 52,
      "total_error_pct": 121.66081882826246,
      "total_direction_correct": 4,
      "avg_error_pct": 2.3396311313127396,
      "directional_accuracy": 7.6923076923076925
    },
    "random_forest": {
      "total_predictions": 52,
      "total_error_pct": 23.07970657946765,
      "total_direction_correct": 4,
      "avg_error_pct": 0.4438405111436087,
      "directional_accuracy": 7.6923076923076925
    }
  }
}