{
  "neutral_low_volatility": {
    "ensemble": {
      "total_predictions": 348,
      "total_error_pct": 272.86304167123836,
      "total_direction_correct": 140,
      "avg_error_pct": 0.784089200204708,
      "directional_accuracy": 40.229885057471265
    },
    "linear": {
      "total_predictions": 348,
      "total_error_pct": 251.1032865110365,
      "total_direction_correct": 161,
      "avg_error_pct": 0.7215611681351624,
      "directional_accuracy": 46.264367816091955
    },
    "polynomial": {
      "total_predictions": 348,
      "total_error_pct": 486.0459083934679,
      "total_direction_correct": 147,
      "avg_error_pct": 1.3966836448088158,
      "directional_accuracy": 42.241379310344826
    },
    "random_forest": {
      "total_predictions": 348,
      "total_error_pct": 210.15943555402148,
      "total_direction_correct": 132,
      "avg_error_pct": 0.6039064240058089,
      "directional_accuracy": 37.93103448275862
    }
  },
  "bear_low_volatility": {
    "ensemble": {
      "total_predictions": 4,
      "total_error_pct": 7.109491409644961,
      "total_direction_correct": 4,
      "avg_error_pct": 1.7773728524112402,
      "directional_accuracy": 100.0
    },
    "linear": {
      "total_predictions": 4,
      "total_error_pct": 4.3334160106758395,
      "total_direction_correct": 3,
      "avg_error_pct": 1.0833540026689599,
      "directional_accuracy": 75.0
    },
    "polynomial": {
      "total_predictions": 4,
      "total_error_pct": 19.992853108468143,
      "total_direction_correct": 4,
      "avg_error_pct": 4.998213277117036,
      "directional_accuracy": 100.0
    },
    "random_forest": {
      "total_predictions": 4,
      "total_error_pct": 4.9991546650944745,
      "total_direction_correct": 0,
      "avg_error_pct": 1.2497886662736186,
      "directional_accuracy": 0.0
    }
  }
}