{
  "neutral_low_volatility": {
    "ensemble": {
      "total_predictions": 108,
      "total_error_pct": 76.99943623841644,
      "total_direction_correct": 31,
      "avg_error_pct": 0.7129577429483004,
      "directional_accuracy": 28.703703703703702
    },
    "linear": {
      "total_predictions": 108,
      "total_error_pct": 56.60248375898842,
      "total_direction_correct": 58,
      "avg_error_pct": 0.5240970718424853,
      "directional_accuracy": 53.70370370370371
    },
    "polynomial": {
      "total_predictions": 108,
      "total_error_pct": 189.28629877140787,
      "total_direction_correct": 27,
      "avg_error_pct": 1.7526509145500728,
      "directional_accuracy": 25.0
    },
    "random_forest": {
      "total_predictions": 108,
      "total_error_pct": 43.656920670973584,
      "total_direction_correct": 32,
      "avg_error_pct": 0.4042307469534591,
      "directional_accuracy": 29.629629629629626
    }
  }
}