{
  "neutral_low_volatility": {
    "ensemble": {
      "total_predictions": 232,
      "total_error_pct": 182.355637848873,
      "total_direction_correct": 100,
      "avg_error_pct": 0.7860156803830732,
      "directional_accuracy": 43.103448275862064
    },
    "linear": {
      "total_predictions": 232,
      "total_error_pct": 166.4798424361272,
      "total_direction_correct": 116,
      "avg_error_pct": 0.7175855277419276,
      "directional_accuracy": 50.0
    },
    "polynomial": {
      "total_predictions": 232,
      "total_error_pct": 342.36262880017085,
      "total_direction_correct": 103,
      "avg_error_pct": 1.475700986207633,
      "directional_accuracy": 44.396551724137936
    },
    "random_forest": {
      "total_predictions": 232,
      "total_error_pct": 135.56406744347615,
      "total_direction_correct": 88,
      "avg_error_pct": 0.5843278769115351,
      "directional_accuracy": 37.93103448275862
    }
  }
}