{
  "neutral_low_volatility": {
    "ensemble": {
      "total_predictions": 308,
      "total_error_pct": 231.99377431192997,
      "total_direction_correct": 131,
      "avg_error_pct": 0.7532265399737986,
      "directional_accuracy": 42.532467532467535
    },
    "linear": {
      "total_predictions": 308,
      "total_error_pct": 219.80108415516335,
      "total_direction_correct": 141,
      "avg_error_pct": 0.7136398836206602,
      "directional_accuracy": 45.77922077922078
    },
    "polynomial": {
      "total_predictions": 308,
      "total_error_pct": 415.1170473477271,
      "total_direction_correct": 137,
      "avg_error_pct": 1.3477826212588544,
      "directional_accuracy": 44.48051948051948
    },
    "random_forest": {
      "total_predictions": 308,
      "total_error_pct": 177.65822147534632,
      "total_direction_correct": 128,
      "avg_error_pct": 0.5768124073874881,
      "directional_accuracy": 41.55844155844156
    }
  }
}