{
  "neutral_low_volatility": {
    "ensemble": {
      "total_predictions": 340,
      "total_error_pct": 255.73285575511477,
      "total_direction_correct": 139,
      "avg_error_pct": 0.7521554581032788,
      "directional_accuracy": 40.88235294117647
    },
    "linear": {
      "total_predictions": 340,
      "total_error_pct": 238.00594614868305,
      "total_direction_correct": 157,
      "avg_error_pct": 0.7000174886725972,
      "directional_accuracy": 46.1764705882353
    },
    "polynomial": {
      "total_predictions": 340,
      "total_error_pct": 455.3196510262302,
      "total_direction_correct": 147,
      "avg_error_pct": 1.3391754441947947,
      "directional_accuracy": 43.23529411764706
    },
    "random_forest": {
      "total_predictions": 340,
      "total_error_pct": 195.56911150851332,
      "total_direction_correct": 132,
      "avg_error_pct": 0.5752032691426863,
      "directional_accuracy": 38.82352941176471
    }
  },
  "bear_low_volatility": {
    "ensemble": {
      "total_predictions": 4,
      "total_error_pct": 7.109491409644961,
      "total_direction_correct": 4,
      "avg_error_pct": 1.7773728524112402,
      "directional_accuracy": 100.0
    },
    "linear": {
      "total_predictions": 4,
      "total_error_pct": 4.3334160106758395,
      "total_direction_correct": 3,
      "avg_error_pct": 1.0833540026689599,
      "directional_accuracy": 75.0
    },
    "polynomial": {
      "total_predictions": 4,
      "total_error_pct": 19.992853108468143,
      "total_direction_correct": 4,
      "avg_error_pct": 4.998213277117036,
      "directional_accuracy": 100.0
    },
    "random_forest": {
      "total_predictions": 4,
      "total_error_pct": 4.9991546650944745,
      "total_direction_correct": 0,
      "avg_error_pct": 1.2497886662736186,
      "directional_accuracy": 0.0
    }
  }
}