{
  "neutral_low_volatility": {
    "ensemble": {
      "total_predictions": 56,
      "total_error_pct": 46.831316130688556,
      "total_direction_correct": 9,
      "avg_error_pct": 0.8362735023337242,
      "directional_accuracy": 16.071428571428573
    },
    "linear": {
      "total_predictions": 56,
      "total_error_pct": 27.71740958445819,
      "total_direction_correct": 35,
      "avg_error_pct": 0.4949537425796105,
      "directional_accuracy": 62.5
    },
    "polynomial": {
      "total_predictions": 56,
      "total_error_pct": 133.46364331475172,
      "total_direction_correct": 4,
      "avg_error_pct": 2.383279344906281,
      "directional_accuracy": 7.142857142857142
    },
    "random_forest": {
      "total_predictions": 56,
      "total_error_pct": 24.436515493880247,
      "total_direction_correct": 8,
      "avg_error_pct": 0.4363663481050044,
      "directional_accuracy": 14.285714285714285
    }
  }
}